,serial_number,x,y,z,tags,imagePath
0,20UPGM22601020,22.0,20.2,7.855396000000001,Jig,/nas/PreProduction/Module/20UPGM22601020/ASSEMBLY/Module_20UPGM22601020_ASSEMBLY_Size/Img9352.jpg
1,20UPGM22601020,22.0,-20.2,7.856595999999998,Jig,/nas/PreProduction/Module/20UPGM22601020/ASSEMBLY/Module_20UPGM22601020_ASSEMBLY_Size/Img9353.jpg
2,20UPGM22601020,-22.0,-20.2,7.843996,Jig,/nas/PreProduction/Module/20UPGM22601020/ASSEMBLY/Module_20UPGM22601020_ASSEMBLY_Size/Img9354.jpg
3,20UPGM22601020,-22.0,20.2,8.050696000000004,JJig,/nas/PreProduction/Module/20UPGM22601020/ASSEMBLY/Module_20UPGM22601020_ASSEMBLY_Size/Img9355.jpg
4,20UPGM22601020,-5.7,7.8,8.430196000000004,Pickup1,/nas/PreProduction/Module/20UPGM22601020/ASSEMBLY/Module_20UPGM22601020_ASSEMBLY_Size/Img9356.jpg
5,20UPGM22601020,-10.4,-11.200000000000001,8.411496,Pickup2,/nas/PreProduction/Module/20UPGM22601020/ASSEMBLY/Module_20UPGM22601020_ASSEMBLY_Size/Img9357.jpg
6,20UPGM22601020,9.9,-8.8,8.423995999999999,Pickup3,/nas/PreProduction/Module/20UPGM22601020/ASSEMBLY/Module_20UPGM22601020_ASSEMBLY_Size/Img9358.jpg
7,20UPGM22601020,10.0,9.700000000000001,8.433196000000004,Pickup4,/nas/PreProduction/Module/20UPGM22601020/ASSEMBLY/Module_20UPGM22601020_ASSEMBLY_Size/Img9359.jpg
8,20UPGM22601020,18.900000000000002,19.900000000000002,8.429495999999999,FmarkTR,/nas/PreProduction/Module/20UPGM22601020/ASSEMBLY/Module_20UPGM22601020_ASSEMBLY_Size/Img9360.jpg
9,20UPGM22601020,18.900000000000002,-18.7,8.420696000000003,FmarkBR,/nas/PreProduction/Module/20UPGM22601020/ASSEMBLY/Module_20UPGM22601020_ASSEMBLY_Size/Img9361.jpg
10,20UPGM22601020,-18.7,-18.7,8.402796000000002,FmarkBL,/nas/PreProduction/Module/20UPGM22601020/ASSEMBLY/Module_20UPGM22601020_ASSEMBLY_Size/Img9362.jpg
11,20UPGM22601020,-18.7,19.900000000000002,8.427296000000002,FmarkTL,/nas/PreProduction/Module/20UPGM22601020/ASSEMBLY/Module_20UPGM22601020_ASSEMBLY_Size/Img9363.jpg
12,20UPGM22601020,20.8,20.8,8.018996,AsicFmarkTR,/nas/PreProduction/Module/20UPGM22601020/ASSEMBLY/Module_20UPGM22601020_ASSEMBLY_Size/Img9364.jpg
13,20UPGM22601020,20.8,-19.400000000000002,8.025595999999998,AsicFmarkBR,/nas/PreProduction/Module/20UPGM22601020/ASSEMBLY/Module_20UPGM22601020_ASSEMBLY_Size/Img9365.jpg
14,20UPGM22601020,-20.900000000000002,-19.5,8.004396000000002,AsicFmarkBL,/nas/PreProduction/Module/20UPGM22601020/ASSEMBLY/Module_20UPGM22601020_ASSEMBLY_Size/Img9366.jpg
15,20UPGM22601020,-20.900000000000002,20.8,7.843796000000002,AsicFmarkTL,/nas/PreProduction/Module/20UPGM22601020/ASSEMBLY/Module_20UPGM22601020_ASSEMBLY_Size/Img9367.jpg
16,20UPGM22601020,-10.200000000000001,-18.2,10.061095999999997,HVCapacitor,/nas/PreProduction/Module/20UPGM22601020/ASSEMBLY/Module_20UPGM22601020_ASSEMBLY_Size/Img9368.jpg
17,20UPGM22601020,-9.6,-18.2,10.061095999999997,HVCapacitor,/nas/PreProduction/Module/20UPGM22601020/ASSEMBLY/Module_20UPGM22601020_ASSEMBLY_Size/Img9369.jpg
18,20UPGM22601020,-9.200000000000001,-18.2,10.062896,HVCapacitor,/nas/PreProduction/Module/20UPGM22601020/ASSEMBLY/Module_20UPGM22601020_ASSEMBLY_Size/Img9370.jpg
19,20UPGM22601020,-8.6,-18.2,10.066696000000004,HVCapacitor,/nas/PreProduction/Module/20UPGM22601020/ASSEMBLY/Module_20UPGM22601020_ASSEMBLY_Size/Img9371.jpg
20,20UPGM22601020,-8.0,-18.2,10.107595999999997,HVCapacitor,/nas/PreProduction/Module/20UPGM22601020/ASSEMBLY/Module_20UPGM22601020_ASSEMBLY_Size/Img9372.jpg
21,20UPGM22601020,-3.0,-15.5,9.751996,Connector,/nas/PreProduction/Module/20UPGM22601020/ASSEMBLY/Module_20UPGM22601020_ASSEMBLY_Size/Img9373.jpg
22,20UPGM22601020,-0.0,-15.5,9.762495999999999,Connector,/nas/PreProduction/Module/20UPGM22601020/ASSEMBLY/Module_20UPGM22601020_ASSEMBLY_Size/Img9374.jpg
23,20UPGM22601020,3.0,-15.5,9.758696000000004,Connector,/nas/PreProduction/Module/20UPGM22601020/ASSEMBLY/Module_20UPGM22601020_ASSEMBLY_Size/Img9375.jpg
24,20UPGM22601020,20.8,19.5,8.022796000000003,AsicR,/nas/PreProduction/Module/20UPGM22601020/ASSEMBLY/Module_20UPGM22601020_ASSEMBLY_Size/Img9376.jpg
25,20UPGM22601020,20.8,5.1000000000000005,8.018196000000003,AsicR,/nas/PreProduction/Module/20UPGM22601020/ASSEMBLY/Module_20UPGM22601020_ASSEMBLY_Size/Img9377.jpg
26,20UPGM22601020,20.8,-9.9,8.022095999999998,AsicR,/nas/PreProduction/Module/20UPGM22601020/ASSEMBLY/Module_20UPGM22601020_ASSEMBLY_Size/Img9378.jpg
27,20UPGM22601020,20.8,-18.6,8.024595999999997,AsicR,/nas/PreProduction/Module/20UPGM22601020/ASSEMBLY/Module_20UPGM22601020_ASSEMBLY_Size/Img9379.jpg
28,20UPGM22601020,18.0,-19.7,8.182495999999999,SensorB,/nas/PreProduction/Module/20UPGM22601020/ASSEMBLY/Module_20UPGM22601020_ASSEMBLY_Size/Img9380.jpg
29,20UPGM22601020,11.1,-19.7,8.179996,SensorB,/nas/PreProduction/Module/20UPGM22601020/ASSEMBLY/Module_20UPGM22601020_ASSEMBLY_Size/Img9381.jpg
30,20UPGM22601020,-8.9,-19.7,8.169996,SensorB,/nas/PreProduction/Module/20UPGM22601020/ASSEMBLY/Module_20UPGM22601020_ASSEMBLY_Size/Img9382.jpg
31,20UPGM22601020,-18.3,-19.7,8.169896000000001,SensorB,/nas/PreProduction/Module/20UPGM22601020/ASSEMBLY/Module_20UPGM22601020_ASSEMBLY_Size/Img9383.jpg
32,20UPGM22601020,-20.8,-18.7,8.005896000000002,AsicL,/nas/PreProduction/Module/20UPGM22601020/ASSEMBLY/Module_20UPGM22601020_ASSEMBLY_Size/Img9384.jpg
33,20UPGM22601020,-20.8,-10.0,8.005896000000002,AsicL,/nas/PreProduction/Module/20UPGM22601020/ASSEMBLY/Module_20UPGM22601020_ASSEMBLY_Size/Img9385.jpg
34,20UPGM22601020,-20.8,10.0,8.005495999999999,AsicL,/nas/PreProduction/Module/20UPGM22601020/ASSEMBLY/Module_20UPGM22601020_ASSEMBLY_Size/Img9386.jpg
35,20UPGM22601020,-20.8,19.5,8.007995999999999,AsicL,/nas/PreProduction/Module/20UPGM22601020/ASSEMBLY/Module_20UPGM22601020_ASSEMBLY_Size/Img9387.jpg
36,20UPGM22601020,-18.0,21.0,8.171296000000002,SensorT,/nas/PreProduction/Module/20UPGM22601020/ASSEMBLY/Module_20UPGM22601020_ASSEMBLY_Size/Img9388.jpg
37,20UPGM22601020,-10.1,21.0,8.167896,SensorT,/nas/PreProduction/Module/20UPGM22601020/ASSEMBLY/Module_20UPGM22601020_ASSEMBLY_Size/Img9389.jpg
38,20UPGM22601020,10.0,21.0,8.175696000000004,SensorT,/nas/PreProduction/Module/20UPGM22601020/ASSEMBLY/Module_20UPGM22601020_ASSEMBLY_Size/Img9390.jpg
39,20UPGM22601020,18.0,21.0,8.190196000000004,SensorT,/nas/PreProduction/Module/20UPGM22601020/ASSEMBLY/Module_20UPGM22601020_ASSEMBLY_Size/Img9391.jpg
40,20UPGM22601020,-19.400000000000002,-18.400000000000002,8.413595999999998,FlexL,/nas/PreProduction/Module/20UPGM22601020/ASSEMBLY/Module_20UPGM22601020_ASSEMBLY_Size/Img9392.jpg
41,20UPGM22601020,-19.400000000000002,-5.1000000000000005,8.422296000000003,FlexL,/nas/PreProduction/Module/20UPGM22601020/ASSEMBLY/Module_20UPGM22601020_ASSEMBLY_Size/Img9393.jpg
42,20UPGM22601020,-19.400000000000002,9.9,8.427595999999998,FlexL,/nas/PreProduction/Module/20UPGM22601020/ASSEMBLY/Module_20UPGM22601020_ASSEMBLY_Size/Img9394.jpg
43,20UPGM22601020,-19.400000000000002,18.7,8.431296000000001,FlexL,/nas/PreProduction/Module/20UPGM22601020/ASSEMBLY/Module_20UPGM22601020_ASSEMBLY_Size/Img9395.jpg
44,20UPGM22601020,-18.5,20.8,8.170995999999999,FlexT,/nas/PreProduction/Module/20UPGM22601020/ASSEMBLY/Module_20UPGM22601020_ASSEMBLY_Size/Img9396.jpg
45,20UPGM22601020,-10.5,20.8,8.167995999999999,FlexT,/nas/PreProduction/Module/20UPGM22601020/ASSEMBLY/Module_20UPGM22601020_ASSEMBLY_Size/Img9397.jpg
46,20UPGM22601020,10.5,20.8,8.176696000000003,FlexT,/nas/PreProduction/Module/20UPGM22601020/ASSEMBLY/Module_20UPGM22601020_ASSEMBLY_Size/Img9398.jpg
47,20UPGM22601020,18.5,20.8,8.191396000000001,FlexT,/nas/PreProduction/Module/20UPGM22601020/ASSEMBLY/Module_20UPGM22601020_ASSEMBLY_Size/Img9399.jpg
48,20UPGM22601020,19.5,18.7,8.440196000000004,FlexR,/nas/PreProduction/Module/20UPGM22601020/ASSEMBLY/Module_20UPGM22601020_ASSEMBLY_Size/Img9400.jpg
49,20UPGM22601020,19.5,10.700000000000001,8.441495999999999,FlexR,/nas/PreProduction/Module/20UPGM22601020/ASSEMBLY/Module_20UPGM22601020_ASSEMBLY_Size/Img9401.jpg
50,20UPGM22601020,19.5,-10.700000000000001,8.432696000000004,FlexR,/nas/PreProduction/Module/20UPGM22601020/ASSEMBLY/Module_20UPGM22601020_ASSEMBLY_Size/Img9402.jpg
51,20UPGM22601020,19.5,-18.7,8.432696000000004,FlexR,/nas/PreProduction/Module/20UPGM22601020/ASSEMBLY/Module_20UPGM22601020_ASSEMBLY_Size/Img9403.jpg
52,20UPGM22601020,18.0,-19.44,8.417796000000003,FlexB,/nas/PreProduction/Module/20UPGM22601020/ASSEMBLY/Module_20UPGM22601020_ASSEMBLY_Size/Img9404.jpg
53,20UPGM22601020,10.0,-19.44,8.427696000000005,FlexB,/nas/PreProduction/Module/20UPGM22601020/ASSEMBLY/Module_20UPGM22601020_ASSEMBLY_Size/Img9405.jpg
54,20UPGM22601020,-10.0,-19.44,8.426496,FlexB,/nas/PreProduction/Module/20UPGM22601020/ASSEMBLY/Module_20UPGM22601020_ASSEMBLY_Size/Img9406.jpg
55,20UPGM22601020,-18.0,-19.44,8.405296000000002,FlexB,/nas/PreProduction/Module/20UPGM22601020/ASSEMBLY/Module_20UPGM22601020_ASSEMBLY_Size/Img9407.jpg
0,20UPGM22601015,22.0,20.2,7.853396000000001,Jig,/nas/PreProduction/Module/20UPGM22601015/ASSEMBLY/20UPGM22601015_Assembly_Metrology_Size_-1_2/Img7656.jpg
1,20UPGM22601015,22.0,-20.2,8.089196000000003,JJig,/nas/PreProduction/Module/20UPGM22601015/ASSEMBLY/20UPGM22601015_Assembly_Metrology_Size_-1_2/Img7657.jpg
2,20UPGM22601015,-22.0,-20.2,7.844796000000002,Jig,/nas/PreProduction/Module/20UPGM22601015/ASSEMBLY/20UPGM22601015_Assembly_Metrology_Size_-1_2/Img7658.jpg
3,20UPGM22601015,-22.0,20.2,7.8459959999999995,Jig,/nas/PreProduction/Module/20UPGM22601015/ASSEMBLY/20UPGM22601015_Assembly_Metrology_Size_-1_2/Img7659.jpg
4,20UPGM22601015,-5.7,7.8,8.430095999999997,Pickup1,/nas/PreProduction/Module/20UPGM22601015/ASSEMBLY/20UPGM22601015_Assembly_Metrology_Size_-1_2/Img7660.jpg
5,20UPGM22601015,-10.4,-11.200000000000001,8.412595999999997,Pickup2,/nas/PreProduction/Module/20UPGM22601015/ASSEMBLY/20UPGM22601015_Assembly_Metrology_Size_-1_2/Img7661.jpg
6,20UPGM22601015,9.9,-8.8,8.418896,Pickup3,/nas/PreProduction/Module/20UPGM22601015/ASSEMBLY/20UPGM22601015_Assembly_Metrology_Size_-1_2/Img7662.jpg
7,20UPGM22601015,10.0,9.700000000000001,8.431595999999997,Pickup4,/nas/PreProduction/Module/20UPGM22601015/ASSEMBLY/20UPGM22601015_Assembly_Metrology_Size_-1_2/Img7663.jpg
8,20UPGM22601015,18.900000000000002,19.900000000000002,8.432396,FmarkTR,/nas/PreProduction/Module/20UPGM22601015/ASSEMBLY/20UPGM22601015_Assembly_Metrology_Size_-1_2/Img7664.jpg
9,20UPGM22601015,18.900000000000002,-18.7,8.433496,FmarkBR,/nas/PreProduction/Module/20UPGM22601015/ASSEMBLY/20UPGM22601015_Assembly_Metrology_Size_-1_2/Img7665.jpg
10,20UPGM22601015,-18.7,-18.7,8.401095999999997,FmarkBL,/nas/PreProduction/Module/20UPGM22601015/ASSEMBLY/20UPGM22601015_Assembly_Metrology_Size_-1_2/Img7666.jpg
11,20UPGM22601015,-18.7,19.900000000000002,8.420995999999999,FmarkTL,/nas/PreProduction/Module/20UPGM22601015/ASSEMBLY/20UPGM22601015_Assembly_Metrology_Size_-1_2/Img7667.jpg
12,20UPGM22601015,20.8,20.8,8.024296000000001,AsicFmarkTR,/nas/PreProduction/Module/20UPGM22601015/ASSEMBLY/20UPGM22601015_Assembly_Metrology_Size_-1_2/Img7668.jpg
13,20UPGM22601015,20.8,-19.400000000000002,8.015595999999999,AsicFmarkBR,/nas/PreProduction/Module/20UPGM22601015/ASSEMBLY/20UPGM22601015_Assembly_Metrology_Size_-1_2/Img7669.jpg
14,20UPGM22601015,-20.900000000000002,-19.5,8.005595999999997,AsicFmarkBL,/nas/PreProduction/Module/20UPGM22601015/ASSEMBLY/20UPGM22601015_Assembly_Metrology_Size_-1_2/Img7670.jpg
15,20UPGM22601015,-20.900000000000002,20.8,8.005595999999997,AsicFmarkTL,/nas/PreProduction/Module/20UPGM22601015/ASSEMBLY/20UPGM22601015_Assembly_Metrology_Size_-1_2/Img7671.jpg
16,20UPGM22601015,-10.200000000000001,-18.2,10.077396,HVCapacitor,/nas/PreProduction/Module/20UPGM22601015/ASSEMBLY/20UPGM22601015_Assembly_Metrology_Size_-1_2/Img7672.jpg
17,20UPGM22601015,-9.6,-18.2,10.068696000000005,HVCapacitor,/nas/PreProduction/Module/20UPGM22601015/ASSEMBLY/20UPGM22601015_Assembly_Metrology_Size_-1_2/Img7673.jpg
18,20UPGM22601015,-9.200000000000001,-18.2,10.068696000000005,HVCapacitor,/nas/PreProduction/Module/20UPGM22601015/ASSEMBLY/20UPGM22601015_Assembly_Metrology_Size_-1_2/Img7674.jpg
19,20UPGM22601015,-8.6,-18.2,10.078496,HVCapacitor,/nas/PreProduction/Module/20UPGM22601015/ASSEMBLY/20UPGM22601015_Assembly_Metrology_Size_-1_2/Img7675.jpg
20,20UPGM22601015,-8.0,-18.2,10.134396,HVCapacitor,/nas/PreProduction/Module/20UPGM22601015/ASSEMBLY/20UPGM22601015_Assembly_Metrology_Size_-1_2/Img7676.jpg
21,20UPGM22601015,-3.0,-15.5,9.736396000000001,Connector,/nas/PreProduction/Module/20UPGM22601015/ASSEMBLY/20UPGM22601015_Assembly_Metrology_Size_-1_2/Img7677.jpg
22,20UPGM22601015,-0.0,-15.5,9.737696000000003,Connector,/nas/PreProduction/Module/20UPGM22601015/ASSEMBLY/20UPGM22601015_Assembly_Metrology_Size_-1_2/Img7678.jpg
23,20UPGM22601015,3.0,-15.5,9.729896,Connector,/nas/PreProduction/Module/20UPGM22601015/ASSEMBLY/20UPGM22601015_Assembly_Metrology_Size_-1_2/Img7679.jpg
24,20UPGM22601015,20.8,19.5,8.021696000000004,AsicR,/nas/PreProduction/Module/20UPGM22601015/ASSEMBLY/20UPGM22601015_Assembly_Metrology_Size_-1_2/Img7680.jpg
25,20UPGM22601015,20.8,5.1000000000000005,8.013095999999997,AsicR,/nas/PreProduction/Module/20UPGM22601015/ASSEMBLY/20UPGM22601015_Assembly_Metrology_Size_-1_2/Img7681.jpg
26,20UPGM22601015,20.8,-9.9,8.013095999999997,AsicR,/nas/PreProduction/Module/20UPGM22601015/ASSEMBLY/20UPGM22601015_Assembly_Metrology_Size_-1_2/Img7682.jpg
27,20UPGM22601015,20.8,-18.6,8.014296000000002,AsicR,/nas/PreProduction/Module/20UPGM22601015/ASSEMBLY/20UPGM22601015_Assembly_Metrology_Size_-1_2/Img7683.jpg
28,20UPGM22601015,18.0,-19.7,8.181896,SensorB,/nas/PreProduction/Module/20UPGM22601015/ASSEMBLY/20UPGM22601015_Assembly_Metrology_Size_-1_2/Img7684.jpg
29,20UPGM22601015,11.1,-19.7,8.203696000000004,SensorB,/nas/PreProduction/Module/20UPGM22601015/ASSEMBLY/20UPGM22601015_Assembly_Metrology_Size_-1_2/Img7685.jpg
30,20UPGM22601015,-8.9,-19.7,8.168796000000002,SensorB,/nas/PreProduction/Module/20UPGM22601015/ASSEMBLY/20UPGM22601015_Assembly_Metrology_Size_-1_2/Img7686.jpg
31,20UPGM22601015,-18.3,-19.7,8.175696000000004,SensorB,/nas/PreProduction/Module/20UPGM22601015/ASSEMBLY/20UPGM22601015_Assembly_Metrology_Size_-1_2/Img7687.jpg
32,20UPGM22601015,-20.8,-18.7,8.005896000000002,AsicL,/nas/PreProduction/Module/20UPGM22601015/ASSEMBLY/20UPGM22601015_Assembly_Metrology_Size_-1_2/Img7688.jpg
33,20UPGM22601015,-20.8,-10.0,8.004996,AsicL,/nas/PreProduction/Module/20UPGM22601015/ASSEMBLY/20UPGM22601015_Assembly_Metrology_Size_-1_2/Img7689.jpg
34,20UPGM22601015,-20.8,10.0,8.004095999999999,AsicL,/nas/PreProduction/Module/20UPGM22601015/ASSEMBLY/20UPGM22601015_Assembly_Metrology_Size_-1_2/Img7690.jpg
35,20UPGM22601015,-20.8,19.5,8.006396,AsicL,/nas/PreProduction/Module/20UPGM22601015/ASSEMBLY/20UPGM22601015_Assembly_Metrology_Size_-1_2/Img7691.jpg
36,20UPGM22601015,-18.0,21.0,8.164995999999999,SensorT,/nas/PreProduction/Module/20UPGM22601015/ASSEMBLY/20UPGM22601015_Assembly_Metrology_Size_-1_2/Img7692.jpg
37,20UPGM22601015,-10.1,21.0,8.165696000000004,SensorT,/nas/PreProduction/Module/20UPGM22601015/ASSEMBLY/20UPGM22601015_Assembly_Metrology_Size_-1_2/Img7693.jpg
38,20UPGM22601015,10.0,21.0,8.171896,SensorT,/nas/PreProduction/Module/20UPGM22601015/ASSEMBLY/20UPGM22601015_Assembly_Metrology_Size_-1_2/Img7694.jpg
39,20UPGM22601015,18.0,21.0,8.179595999999998,SensorT,/nas/PreProduction/Module/20UPGM22601015/ASSEMBLY/20UPGM22601015_Assembly_Metrology_Size_-1_2/Img7695.jpg
40,20UPGM22601015,-19.400000000000002,-18.400000000000002,8.413595999999998,FlexL,/nas/PreProduction/Module/20UPGM22601015/ASSEMBLY/20UPGM22601015_Assembly_Metrology_Size_-1_2/Img7696.jpg
41,20UPGM22601015,-19.400000000000002,-5.1000000000000005,8.422896000000001,FlexL,/nas/PreProduction/Module/20UPGM22601015/ASSEMBLY/20UPGM22601015_Assembly_Metrology_Size_-1_2/Img7697.jpg
42,20UPGM22601015,-19.400000000000002,9.9,8.429196000000005,FlexL,/nas/PreProduction/Module/20UPGM22601015/ASSEMBLY/20UPGM22601015_Assembly_Metrology_Size_-1_2/Img7698.jpg
43,20UPGM22601015,-19.400000000000002,18.7,8.431595999999997,FlexL,/nas/PreProduction/Module/20UPGM22601015/ASSEMBLY/20UPGM22601015_Assembly_Metrology_Size_-1_2/Img7699.jpg
44,20UPGM22601015,-18.5,20.8,8.164995999999999,FlexT,/nas/PreProduction/Module/20UPGM22601015/ASSEMBLY/20UPGM22601015_Assembly_Metrology_Size_-1_2/Img7700.jpg
45,20UPGM22601015,-10.5,20.8,8.166095999999998,FlexT,/nas/PreProduction/Module/20UPGM22601015/ASSEMBLY/20UPGM22601015_Assembly_Metrology_Size_-1_2/Img7701.jpg
46,20UPGM22601015,10.5,20.8,8.171296000000002,FlexT,/nas/PreProduction/Module/20UPGM22601015/ASSEMBLY/20UPGM22601015_Assembly_Metrology_Size_-1_2/Img7702.jpg
47,20UPGM22601015,18.5,20.8,8.181896,FlexT,/nas/PreProduction/Module/20UPGM22601015/ASSEMBLY/20UPGM22601015_Assembly_Metrology_Size_-1_2/Img7703.jpg
48,20UPGM22601015,19.5,18.7,8.445196000000005,FlexR,/nas/PreProduction/Module/20UPGM22601015/ASSEMBLY/20UPGM22601015_Assembly_Metrology_Size_-1_2/Img7704.jpg
49,20UPGM22601015,19.5,10.700000000000001,8.437595999999997,FlexR,/nas/PreProduction/Module/20UPGM22601015/ASSEMBLY/20UPGM22601015_Assembly_Metrology_Size_-1_2/Img7705.jpg
50,20UPGM22601015,19.5,-10.700000000000001,8.421996,FlexR,/nas/PreProduction/Module/20UPGM22601015/ASSEMBLY/20UPGM22601015_Assembly_Metrology_Size_-1_2/Img7706.jpg
51,20UPGM22601015,19.5,-18.7,8.427396000000002,FlexR,/nas/PreProduction/Module/20UPGM22601015/ASSEMBLY/20UPGM22601015_Assembly_Metrology_Size_-1_2/Img7707.jpg
52,20UPGM22601015,18.0,-19.44,8.419896000000001,FlexB,/nas/PreProduction/Module/20UPGM22601015/ASSEMBLY/20UPGM22601015_Assembly_Metrology_Size_-1_2/Img7708.jpg
53,20UPGM22601015,10.0,-19.44,8.208696000000003,FlexB,/nas/PreProduction/Module/20UPGM22601015/ASSEMBLY/20UPGM22601015_Assembly_Metrology_Size_-1_2/Img7709.jpg
54,20UPGM22601015,-10.0,-19.44,8.170796000000003,FlexB,/nas/PreProduction/Module/20UPGM22601015/ASSEMBLY/20UPGM22601015_Assembly_Metrology_Size_-1_2/Img7710.jpg
55,20UPGM22601015,-18.0,-19.44,8.176095999999998,FlexB,/nas/PreProduction/Module/20UPGM22601015/ASSEMBLY/20UPGM22601015_Assembly_Metrology_Size_-1_2/Img7711.jpg
0,20UPGM22601016,22.0,20.2,7.853396000000001,Jig,/nas/PreProduction/Module/20UPGM22601016/ASSEMBLY/20UPGM22601016_Assembly_Metrology_Size_-1/Img8063.jpg
1,20UPGM22601016,22.0,-20.2,7.885796000000003,JJig,/nas/PreProduction/Module/20UPGM22601016/ASSEMBLY/20UPGM22601016_Assembly_Metrology_Size_-1/Img8064.jpg
2,20UPGM22601016,-22.0,-20.2,7.8445959999999975,Jig,/nas/PreProduction/Module/20UPGM22601016/ASSEMBLY/20UPGM22601016_Assembly_Metrology_Size_-1/Img8065.jpg
3,20UPGM22601016,-22.0,20.2,7.844796000000002,Jig,/nas/PreProduction/Module/20UPGM22601016/ASSEMBLY/20UPGM22601016_Assembly_Metrology_Size_-1/Img8066.jpg
4,20UPGM22601016,-5.7,7.8,8.426696000000003,Pickup1,/nas/PreProduction/Module/20UPGM22601016/ASSEMBLY/20UPGM22601016_Assembly_Metrology_Size_-1/Img8067.jpg
5,20UPGM22601016,-10.4,-11.200000000000001,8.411696000000005,Pickup2,/nas/PreProduction/Module/20UPGM22601016/ASSEMBLY/20UPGM22601016_Assembly_Metrology_Size_-1/Img8068.jpg
6,20UPGM22601016,9.9,-8.8,8.422796000000002,Pickup3,/nas/PreProduction/Module/20UPGM22601016/ASSEMBLY/20UPGM22601016_Assembly_Metrology_Size_-1/Img8069.jpg
7,20UPGM22601016,10.0,9.700000000000001,8.429896000000001,Pickup4,/nas/PreProduction/Module/20UPGM22601016/ASSEMBLY/20UPGM22601016_Assembly_Metrology_Size_-1/Img8070.jpg
8,20UPGM22601016,18.900000000000002,19.900000000000002,8.417496,FmarkTR,/nas/PreProduction/Module/20UPGM22601016/ASSEMBLY/20UPGM22601016_Assembly_Metrology_Size_-1/Img8071.jpg
9,20UPGM22601016,18.900000000000002,-18.7,8.414496,FmarkBR,/nas/PreProduction/Module/20UPGM22601016/ASSEMBLY/20UPGM22601016_Assembly_Metrology_Size_-1/Img8072.jpg
10,20UPGM22601016,-18.7,-18.7,8.403595999999999,FmarkBL,/nas/PreProduction/Module/20UPGM22601016/ASSEMBLY/20UPGM22601016_Assembly_Metrology_Size_-1/Img8073.jpg
11,20UPGM22601016,-18.7,19.900000000000002,8.417296000000002,FmarkTL,/nas/PreProduction/Module/20UPGM22601016/ASSEMBLY/20UPGM22601016_Assembly_Metrology_Size_-1/Img8074.jpg
12,20UPGM22601016,20.8,20.8,8.013995999999999,AsicFmarkTR,/nas/PreProduction/Module/20UPGM22601016/ASSEMBLY/20UPGM22601016_Assembly_Metrology_Size_-1/Img8075.jpg
13,20UPGM22601016,20.8,-19.400000000000002,8.014696000000004,AsicFmarkBR,/nas/PreProduction/Module/20UPGM22601016/ASSEMBLY/20UPGM22601016_Assembly_Metrology_Size_-1/Img8076.jpg
14,20UPGM22601016,-20.900000000000002,-19.5,8.003595999999998,AsicFmarkBL,/nas/PreProduction/Module/20UPGM22601016/ASSEMBLY/20UPGM22601016_Assembly_Metrology_Size_-1/Img8077.jpg
15,20UPGM22601016,-20.900000000000002,20.8,8.006095999999998,AsicFmarkTL,/nas/PreProduction/Module/20UPGM22601016/ASSEMBLY/20UPGM22601016_Assembly_Metrology_Size_-1/Img8078.jpg
16,20UPGM22601016,-10.200000000000001,-18.2,10.085396000000001,HVCapacitor,/nas/PreProduction/Module/20UPGM22601016/ASSEMBLY/20UPGM22601016_Assembly_Metrology_Size_-1/Img8079.jpg
17,20UPGM22601016,-9.6,-18.2,10.076696000000004,HVCapacitor,/nas/PreProduction/Module/20UPGM22601016/ASSEMBLY/20UPGM22601016_Assembly_Metrology_Size_-1/Img8080.jpg
18,20UPGM22601016,-9.200000000000001,-18.2,10.072896,HVCapacitor,/nas/PreProduction/Module/20UPGM22601016/ASSEMBLY/20UPGM22601016_Assembly_Metrology_Size_-1/Img8081.jpg
19,20UPGM22601016,-8.6,-18.2,10.067896000000001,HVCapacitor,/nas/PreProduction/Module/20UPGM22601016/ASSEMBLY/20UPGM22601016_Assembly_Metrology_Size_-1/Img8082.jpg
20,20UPGM22601016,-8.0,-18.2,10.101496,HVCapacitor,/nas/PreProduction/Module/20UPGM22601016/ASSEMBLY/20UPGM22601016_Assembly_Metrology_Size_-1/Img8083.jpg
21,20UPGM22601016,-3.0,-15.5,9.728496,Connector,/nas/PreProduction/Module/20UPGM22601016/ASSEMBLY/20UPGM22601016_Assembly_Metrology_Size_-1/Img8084.jpg
22,20UPGM22601016,-0.0,-15.5,9.733196000000003,Connector,/nas/PreProduction/Module/20UPGM22601016/ASSEMBLY/20UPGM22601016_Assembly_Metrology_Size_-1/Img8085.jpg
23,20UPGM22601016,3.0,-15.5,9.727396,Connector,/nas/PreProduction/Module/20UPGM22601016/ASSEMBLY/20UPGM22601016_Assembly_Metrology_Size_-1/Img8086.jpg
24,20UPGM22601016,20.8,19.5,8.015296000000003,AsicR,/nas/PreProduction/Module/20UPGM22601016/ASSEMBLY/20UPGM22601016_Assembly_Metrology_Size_-1/Img8087.jpg
25,20UPGM22601016,20.8,5.1000000000000005,8.011196000000004,AsicR,/nas/PreProduction/Module/20UPGM22601016/ASSEMBLY/20UPGM22601016_Assembly_Metrology_Size_-1/Img8088.jpg
26,20UPGM22601016,20.8,-9.9,8.012796000000002,AsicR,/nas/PreProduction/Module/20UPGM22601016/ASSEMBLY/20UPGM22601016_Assembly_Metrology_Size_-1/Img8089.jpg
27,20UPGM22601016,20.8,-18.6,8.014296000000002,AsicR,/nas/PreProduction/Module/20UPGM22601016/ASSEMBLY/20UPGM22601016_Assembly_Metrology_Size_-1/Img8090.jpg
28,20UPGM22601016,18.0,-19.7,8.172996,SensorB,/nas/PreProduction/Module/20UPGM22601016/ASSEMBLY/20UPGM22601016_Assembly_Metrology_Size_-1/Img8091.jpg
29,20UPGM22601016,11.1,-19.7,8.172095999999998,SensorB,/nas/PreProduction/Module/20UPGM22601016/ASSEMBLY/20UPGM22601016_Assembly_Metrology_Size_-1/Img8092.jpg
30,20UPGM22601016,-8.9,-19.7,8.166396,SensorB,/nas/PreProduction/Module/20UPGM22601016/ASSEMBLY/20UPGM22601016_Assembly_Metrology_Size_-1/Img8093.jpg
31,20UPGM22601016,-18.3,-19.7,8.166296000000003,SensorB,/nas/PreProduction/Module/20UPGM22601016/ASSEMBLY/20UPGM22601016_Assembly_Metrology_Size_-1/Img8094.jpg
32,20UPGM22601016,-20.8,-18.7,8.004196000000004,AsicL,/nas/PreProduction/Module/20UPGM22601016/ASSEMBLY/20UPGM22601016_Assembly_Metrology_Size_-1/Img8095.jpg
33,20UPGM22601016,-20.8,-10.0,8.005095999999998,AsicL,/nas/PreProduction/Module/20UPGM22601016/ASSEMBLY/20UPGM22601016_Assembly_Metrology_Size_-1/Img8096.jpg
34,20UPGM22601016,-20.8,10.0,8.004196000000004,AsicL,/nas/PreProduction/Module/20UPGM22601016/ASSEMBLY/20UPGM22601016_Assembly_Metrology_Size_-1/Img8097.jpg
35,20UPGM22601016,-20.8,19.5,8.007796000000003,AsicL,/nas/PreProduction/Module/20UPGM22601016/ASSEMBLY/20UPGM22601016_Assembly_Metrology_Size_-1/Img8098.jpg
36,20UPGM22601016,-18.0,21.0,8.168796000000002,SensorT,/nas/PreProduction/Module/20UPGM22601016/ASSEMBLY/20UPGM22601016_Assembly_Metrology_Size_-1/Img8099.jpg
37,20UPGM22601016,-10.1,21.0,8.167995999999999,SensorT,/nas/PreProduction/Module/20UPGM22601016/ASSEMBLY/20UPGM22601016_Assembly_Metrology_Size_-1/Img8100.jpg
38,20UPGM22601016,10.0,21.0,8.169595999999999,SensorT,/nas/PreProduction/Module/20UPGM22601016/ASSEMBLY/20UPGM22601016_Assembly_Metrology_Size_-1/Img8101.jpg
39,20UPGM22601016,18.0,21.0,8.173896000000001,SensorT,/nas/PreProduction/Module/20UPGM22601016/ASSEMBLY/20UPGM22601016_Assembly_Metrology_Size_-1/Img8102.jpg
40,20UPGM22601016,-19.400000000000002,-18.400000000000002,8.415996,FlexL,/nas/PreProduction/Module/20UPGM22601016/ASSEMBLY/20UPGM22601016_Assembly_Metrology_Size_-1/Img8103.jpg
41,20UPGM22601016,-19.400000000000002,-5.1000000000000005,8.419796000000002,FlexL,/nas/PreProduction/Module/20UPGM22601016/ASSEMBLY/20UPGM22601016_Assembly_Metrology_Size_-1/Img8104.jpg
42,20UPGM22601016,-19.400000000000002,9.9,8.425595999999999,FlexL,/nas/PreProduction/Module/20UPGM22601016/ASSEMBLY/20UPGM22601016_Assembly_Metrology_Size_-1/Img8105.jpg
43,20UPGM22601016,-19.400000000000002,18.7,8.426496,FlexL,/nas/PreProduction/Module/20UPGM22601016/ASSEMBLY/20UPGM22601016_Assembly_Metrology_Size_-1/Img8106.jpg
44,20UPGM22601016,-18.5,20.8,8.168796000000002,FlexT,/nas/PreProduction/Module/20UPGM22601016/ASSEMBLY/20UPGM22601016_Assembly_Metrology_Size_-1/Img8107.jpg
45,20UPGM22601016,-10.5,20.8,8.167496,FlexT,/nas/PreProduction/Module/20UPGM22601016/ASSEMBLY/20UPGM22601016_Assembly_Metrology_Size_-1/Img8108.jpg
46,20UPGM22601016,10.5,20.8,8.169996,FlexT,/nas/PreProduction/Module/20UPGM22601016/ASSEMBLY/20UPGM22601016_Assembly_Metrology_Size_-1/Img8109.jpg
47,20UPGM22601016,18.5,20.8,8.176296000000002,FlexT,/nas/PreProduction/Module/20UPGM22601016/ASSEMBLY/20UPGM22601016_Assembly_Metrology_Size_-1/Img8110.jpg
48,20UPGM22601016,19.5,18.7,8.435896000000001,FlexR,/nas/PreProduction/Module/20UPGM22601016/ASSEMBLY/20UPGM22601016_Assembly_Metrology_Size_-1/Img8111.jpg
49,20UPGM22601016,19.5,10.700000000000001,8.433396,FlexR,/nas/PreProduction/Module/20UPGM22601016/ASSEMBLY/20UPGM22601016_Assembly_Metrology_Size_-1/Img8112.jpg
50,20UPGM22601016,19.5,-10.700000000000001,8.426296000000002,FlexR,/nas/PreProduction/Module/20UPGM22601016/ASSEMBLY/20UPGM22601016_Assembly_Metrology_Size_-1/Img8113.jpg
51,20UPGM22601016,19.5,-18.7,8.423796000000003,FlexR,/nas/PreProduction/Module/20UPGM22601016/ASSEMBLY/20UPGM22601016_Assembly_Metrology_Size_-1/Img8114.jpg
52,20UPGM22601016,18.0,-19.44,8.411396000000002,FlexB,/nas/PreProduction/Module/20UPGM22601016/ASSEMBLY/20UPGM22601016_Assembly_Metrology_Size_-1/Img8115.jpg
53,20UPGM22601016,10.0,-19.44,8.425095999999998,FlexB,/nas/PreProduction/Module/20UPGM22601016/ASSEMBLY/20UPGM22601016_Assembly_Metrology_Size_-1/Img8116.jpg
54,20UPGM22601016,-10.0,-19.44,8.432595999999998,FlexB,/nas/PreProduction/Module/20UPGM22601016/ASSEMBLY/20UPGM22601016_Assembly_Metrology_Size_-1/Img8117.jpg
55,20UPGM22601016,-18.0,-19.44,8.403896000000001,FlexB,/nas/PreProduction/Module/20UPGM22601016/ASSEMBLY/20UPGM22601016_Assembly_Metrology_Size_-1/Img8118.jpg
0,20UPGM22110427,22.0,20.2,7.8526960000000035,Jig,/nas/PreProduction/Module/20UPGM22110427/ASSEMBLY/20UPGM22110427_Assembly_Metrology_Size_-1/Img7318.jpg
1,20UPGM22110427,22.0,-20.2,8.038996,JJig,/nas/PreProduction/Module/20UPGM22110427/ASSEMBLY/20UPGM22110427_Assembly_Metrology_Size_-1/Img7319.jpg
2,20UPGM22110427,-22.0,-20.2,7.843796000000002,Jig,/nas/PreProduction/Module/20UPGM22110427/ASSEMBLY/20UPGM22110427_Assembly_Metrology_Size_-1/Img7320.jpg
3,20UPGM22110427,-22.0,20.2,7.8461960000000035,Jig,/nas/PreProduction/Module/20UPGM22110427/ASSEMBLY/20UPGM22110427_Assembly_Metrology_Size_-1/Img7321.jpg
4,20UPGM22110427,-5.7,7.8,8.433696000000003,Pickup1,/nas/PreProduction/Module/20UPGM22110427/ASSEMBLY/20UPGM22110427_Assembly_Metrology_Size_-1/Img7322.jpg
5,20UPGM22110427,-10.4,-11.200000000000001,8.415996,Pickup2,/nas/PreProduction/Module/20UPGM22110427/ASSEMBLY/20UPGM22110427_Assembly_Metrology_Size_-1/Img7323.jpg
6,20UPGM22110427,9.9,-8.8,8.428196000000003,Pickup3,/nas/PreProduction/Module/20UPGM22110427/ASSEMBLY/20UPGM22110427_Assembly_Metrology_Size_-1/Img7324.jpg
7,20UPGM22110427,10.0,9.700000000000001,8.433796000000003,Pickup4,/nas/PreProduction/Module/20UPGM22110427/ASSEMBLY/20UPGM22110427_Assembly_Metrology_Size_-1/Img7325.jpg
8,20UPGM22110427,18.900000000000002,19.900000000000002,8.435896000000001,FmarkTR,/nas/PreProduction/Module/20UPGM22110427/ASSEMBLY/20UPGM22110427_Assembly_Metrology_Size_-1/Img7326.jpg
9,20UPGM22110427,18.900000000000002,-18.7,8.419896000000001,FmarkBR,/nas/PreProduction/Module/20UPGM22110427/ASSEMBLY/20UPGM22110427_Assembly_Metrology_Size_-1/Img7327.jpg
10,20UPGM22110427,-18.7,-18.7,8.409296000000003,FmarkBL,/nas/PreProduction/Module/20UPGM22110427/ASSEMBLY/20UPGM22110427_Assembly_Metrology_Size_-1/Img7328.jpg
11,20UPGM22110427,-18.7,19.900000000000002,8.427396000000002,FmarkTL,/nas/PreProduction/Module/20UPGM22110427/ASSEMBLY/20UPGM22110427_Assembly_Metrology_Size_-1/Img7329.jpg
12,20UPGM22110427,20.8,20.8,8.012495999999999,AsicFmarkTR,/nas/PreProduction/Module/20UPGM22110427/ASSEMBLY/20UPGM22110427_Assembly_Metrology_Size_-1/Img7330.jpg
13,20UPGM22110427,20.8,-19.400000000000002,8.014996,AsicFmarkBR,/nas/PreProduction/Module/20UPGM22110427/ASSEMBLY/20UPGM22110427_Assembly_Metrology_Size_-1/Img7331.jpg
14,20UPGM22110427,-20.900000000000002,-19.5,8.001196000000004,AsicFmarkBL,/nas/PreProduction/Module/20UPGM22110427/ASSEMBLY/20UPGM22110427_Assembly_Metrology_Size_-1/Img7332.jpg
15,20UPGM22110427,-20.900000000000002,20.8,8.005796000000002,AsicFmarkTL,/nas/PreProduction/Module/20UPGM22110427/ASSEMBLY/20UPGM22110427_Assembly_Metrology_Size_-1/Img7333.jpg
16,20UPGM22110427,-10.200000000000001,-18.2,10.022696000000003,HVCapacitor,/nas/PreProduction/Module/20UPGM22110427/ASSEMBLY/20UPGM22110427_Assembly_Metrology_Size_-1/Img7334.jpg
17,20UPGM22110427,-9.6,-18.2,10.015196000000003,HVCapacitor,/nas/PreProduction/Module/20UPGM22110427/ASSEMBLY/20UPGM22110427_Assembly_Metrology_Size_-1/Img7335.jpg
18,20UPGM22110427,-9.200000000000001,-18.2,10.015196000000003,HVCapacitor,/nas/PreProduction/Module/20UPGM22110427/ASSEMBLY/20UPGM22110427_Assembly_Metrology_Size_-1/Img7336.jpg
19,20UPGM22110427,-8.6,-18.2,10.022696000000003,HVCapacitor,/nas/PreProduction/Module/20UPGM22110427/ASSEMBLY/20UPGM22110427_Assembly_Metrology_Size_-1/Img7337.jpg
20,20UPGM22110427,-8.0,-18.2,10.053996,HVCapacitor,/nas/PreProduction/Module/20UPGM22110427/ASSEMBLY/20UPGM22110427_Assembly_Metrology_Size_-1/Img7338.jpg
21,20UPGM22110427,-3.0,-15.5,9.856896,Connector,/nas/PreProduction/Module/20UPGM22110427/ASSEMBLY/20UPGM22110427_Assembly_Metrology_Size_-1/Img7339.jpg
22,20UPGM22110427,-0.0,-15.5,9.845595999999999,Connector,/nas/PreProduction/Module/20UPGM22110427/ASSEMBLY/20UPGM22110427_Assembly_Metrology_Size_-1/Img7340.jpg
23,20UPGM22110427,3.0,-15.5,9.831095999999999,Connector,/nas/PreProduction/Module/20UPGM22110427/ASSEMBLY/20UPGM22110427_Assembly_Metrology_Size_-1/Img7341.jpg
24,20UPGM22110427,20.8,19.5,8.013595999999998,AsicR,/nas/PreProduction/Module/20UPGM22110427/ASSEMBLY/20UPGM22110427_Assembly_Metrology_Size_-1/Img7342.jpg
25,20UPGM22110427,20.8,5.1000000000000005,8.013595999999998,AsicR,/nas/PreProduction/Module/20UPGM22110427/ASSEMBLY/20UPGM22110427_Assembly_Metrology_Size_-1/Img7343.jpg
26,20UPGM22110427,20.8,-9.9,8.014796000000002,AsicR,/nas/PreProduction/Module/20UPGM22110427/ASSEMBLY/20UPGM22110427_Assembly_Metrology_Size_-1/Img7344.jpg
27,20UPGM22110427,20.8,-18.6,8.014196000000004,AsicR,/nas/PreProduction/Module/20UPGM22110427/ASSEMBLY/20UPGM22110427_Assembly_Metrology_Size_-1/Img7345.jpg
28,20UPGM22110427,18.0,-19.7,8.173595999999998,SensorB,/nas/PreProduction/Module/20UPGM22110427/ASSEMBLY/20UPGM22110427_Assembly_Metrology_Size_-1/Img7346.jpg
29,20UPGM22110427,11.1,-19.7,8.170995999999999,SensorB,/nas/PreProduction/Module/20UPGM22110427/ASSEMBLY/20UPGM22110427_Assembly_Metrology_Size_-1/Img7347.jpg
30,20UPGM22110427,-8.9,-19.7,8.165796000000002,SensorB,/nas/PreProduction/Module/20UPGM22110427/ASSEMBLY/20UPGM22110427_Assembly_Metrology_Size_-1/Img7348.jpg
31,20UPGM22110427,-18.3,-19.7,8.175196000000003,SensorB,/nas/PreProduction/Module/20UPGM22110427/ASSEMBLY/20UPGM22110427_Assembly_Metrology_Size_-1/Img7349.jpg
32,20UPGM22110427,-20.8,-18.7,8.003396,AsicL,/nas/PreProduction/Module/20UPGM22110427/ASSEMBLY/20UPGM22110427_Assembly_Metrology_Size_-1/Img7350.jpg
33,20UPGM22110427,-20.8,-10.0,8.002996,AsicL,/nas/PreProduction/Module/20UPGM22110427/ASSEMBLY/20UPGM22110427_Assembly_Metrology_Size_-1/Img7351.jpg
34,20UPGM22110427,-20.8,10.0,8.005095999999998,AsicL,/nas/PreProduction/Module/20UPGM22110427/ASSEMBLY/20UPGM22110427_Assembly_Metrology_Size_-1/Img7352.jpg
35,20UPGM22110427,-20.8,19.5,8.005095999999998,AsicL,/nas/PreProduction/Module/20UPGM22110427/ASSEMBLY/20UPGM22110427_Assembly_Metrology_Size_-1/Img7353.jpg
36,20UPGM22110427,-18.0,21.0,8.168296000000002,SensorT,/nas/PreProduction/Module/20UPGM22110427/ASSEMBLY/20UPGM22110427_Assembly_Metrology_Size_-1/Img7354.jpg
37,20UPGM22110427,-10.1,21.0,8.167696000000003,SensorT,/nas/PreProduction/Module/20UPGM22110427/ASSEMBLY/20UPGM22110427_Assembly_Metrology_Size_-1/Img7355.jpg
38,20UPGM22110427,10.0,21.0,8.171396000000001,SensorT,/nas/PreProduction/Module/20UPGM22110427/ASSEMBLY/20UPGM22110427_Assembly_Metrology_Size_-1/Img7356.jpg
39,20UPGM22110427,18.0,21.0,8.176396,SensorT,/nas/PreProduction/Module/20UPGM22110427/ASSEMBLY/20UPGM22110427_Assembly_Metrology_Size_-1/Img7357.jpg
40,20UPGM22110427,-19.400000000000002,-18.400000000000002,8.409796000000002,FlexL,/nas/PreProduction/Module/20UPGM22110427/ASSEMBLY/20UPGM22110427_Assembly_Metrology_Size_-1/Img7358.jpg
41,20UPGM22110427,-19.400000000000002,-5.1000000000000005,8.419595999999999,FlexL,/nas/PreProduction/Module/20UPGM22110427/ASSEMBLY/20UPGM22110427_Assembly_Metrology_Size_-1/Img7359.jpg
42,20UPGM22110427,-19.400000000000002,9.9,8.420095999999997,FlexL,/nas/PreProduction/Module/20UPGM22110427/ASSEMBLY/20UPGM22110427_Assembly_Metrology_Size_-1/Img7360.jpg
43,20UPGM22110427,-19.400000000000002,18.7,8.424595999999998,FlexL,/nas/PreProduction/Module/20UPGM22110427/ASSEMBLY/20UPGM22110427_Assembly_Metrology_Size_-1/Img7361.jpg
44,20UPGM22110427,-18.5,20.8,8.430196000000004,FlexT,/nas/PreProduction/Module/20UPGM22110427/ASSEMBLY/20UPGM22110427_Assembly_Metrology_Size_-1/Img7362.jpg
45,20UPGM22110427,-10.5,20.8,8.430396,FlexT,/nas/PreProduction/Module/20UPGM22110427/ASSEMBLY/20UPGM22110427_Assembly_Metrology_Size_-1/Img7363.jpg
46,20UPGM22110427,10.5,20.8,8.437595999999997,FlexT,/nas/PreProduction/Module/20UPGM22110427/ASSEMBLY/20UPGM22110427_Assembly_Metrology_Size_-1/Img7364.jpg
47,20UPGM22110427,18.5,20.8,8.442595999999998,FlexT,/nas/PreProduction/Module/20UPGM22110427/ASSEMBLY/20UPGM22110427_Assembly_Metrology_Size_-1/Img7365.jpg
48,20UPGM22110427,19.5,18.7,8.435095999999998,FlexR,/nas/PreProduction/Module/20UPGM22110427/ASSEMBLY/20UPGM22110427_Assembly_Metrology_Size_-1/Img7366.jpg
49,20UPGM22110427,19.5,10.700000000000001,8.441495999999999,FlexR,/nas/PreProduction/Module/20UPGM22110427/ASSEMBLY/20UPGM22110427_Assembly_Metrology_Size_-1/Img7367.jpg
50,20UPGM22110427,19.5,-10.700000000000001,8.426296000000002,FlexR,/nas/PreProduction/Module/20UPGM22110427/ASSEMBLY/20UPGM22110427_Assembly_Metrology_Size_-1/Img7368.jpg
51,20UPGM22110427,19.5,-18.7,8.417595999999998,FlexR,/nas/PreProduction/Module/20UPGM22110427/ASSEMBLY/20UPGM22110427_Assembly_Metrology_Size_-1/Img7369.jpg
52,20UPGM22110427,18.0,-19.44,8.426296000000002,FlexB,/nas/PreProduction/Module/20UPGM22110427/ASSEMBLY/20UPGM22110427_Assembly_Metrology_Size_-1/Img7370.jpg
53,20UPGM22110427,10.0,-19.44,8.425696000000004,FlexB,/nas/PreProduction/Module/20UPGM22110427/ASSEMBLY/20UPGM22110427_Assembly_Metrology_Size_-1/Img7371.jpg
54,20UPGM22110427,-10.0,-19.44,8.431996,FlexB,/nas/PreProduction/Module/20UPGM22110427/ASSEMBLY/20UPGM22110427_Assembly_Metrology_Size_-1/Img7372.jpg
55,20UPGM22110427,-18.0,-19.44,8.414496,FlexB,/nas/PreProduction/Module/20UPGM22110427/ASSEMBLY/20UPGM22110427_Assembly_Metrology_Size_-1/Img7373.jpg
0,20UPGM22101021,22.0,20.2,7.851996,Jig,/nas/PreProduction/Module/20UPGM22601021/ASSEMBLY/Module_20UPGM22601021_ASSEMBLY_size/Img8853.jpg
1,20UPGM22101021,22.0,-20.2,7.854396,Jig,/nas/PreProduction/Module/20UPGM22601021/ASSEMBLY/Module_20UPGM22601021_ASSEMBLY_size/Img8854.jpg
2,20UPGM22101021,-22.0,-20.2,7.840896000000001,Jig,/nas/PreProduction/Module/20UPGM22601021/ASSEMBLY/Module_20UPGM22601021_ASSEMBLY_size/Img8855.jpg
3,20UPGM22101021,-22.0,20.2,7.841995999999999,Jig,/nas/PreProduction/Module/20UPGM22601021/ASSEMBLY/Module_20UPGM22601021_ASSEMBLY_size/Img8856.jpg
4,20UPGM22101021,-5.7,7.8,8.423796000000003,Pickup1,/nas/PreProduction/Module/20UPGM22601021/ASSEMBLY/Module_20UPGM22601021_ASSEMBLY_size/Img8857.jpg
5,20UPGM22101021,-10.4,-11.200000000000001,8.403896000000001,Pickup2,/nas/PreProduction/Module/20UPGM22601021/ASSEMBLY/Module_20UPGM22601021_ASSEMBLY_size/Img8858.jpg
6,20UPGM22101021,9.9,-8.8,8.421196000000004,Pickup3,/nas/PreProduction/Module/20UPGM22601021/ASSEMBLY/Module_20UPGM22601021_ASSEMBLY_size/Img8859.jpg
7,20UPGM22101021,10.0,9.700000000000001,8.428696000000004,Pickup4,/nas/PreProduction/Module/20UPGM22601021/ASSEMBLY/Module_20UPGM22601021_ASSEMBLY_size/Img8860.jpg
8,20UPGM22101021,18.900000000000002,19.900000000000002,8.434896,FmarkTR,/nas/PreProduction/Module/20UPGM22601021/ASSEMBLY/Module_20UPGM22601021_ASSEMBLY_size/Img8861.jpg
9,20UPGM22101021,18.900000000000002,-18.7,8.417796000000003,FmarkBR,/nas/PreProduction/Module/20UPGM22601021/ASSEMBLY/Module_20UPGM22601021_ASSEMBLY_size/Img8862.jpg
10,20UPGM22101021,-18.7,-18.7,8.395296000000002,FmarkBL,/nas/PreProduction/Module/20UPGM22601021/ASSEMBLY/Module_20UPGM22601021_ASSEMBLY_size/Img8863.jpg
11,20UPGM22101021,-18.7,19.900000000000002,8.415095999999998,FmarkTL,/nas/PreProduction/Module/20UPGM22601021/ASSEMBLY/Module_20UPGM22601021_ASSEMBLY_size/Img8864.jpg
12,20UPGM22101021,20.8,20.8,8.013995999999999,AsicFmarkTR,/nas/PreProduction/Module/20UPGM22601021/ASSEMBLY/Module_20UPGM22601021_ASSEMBLY_size/Img8865.jpg
13,20UPGM22101021,20.8,-19.400000000000002,8.013995999999999,AsicFmarkBR,/nas/PreProduction/Module/20UPGM22601021/ASSEMBLY/Module_20UPGM22601021_ASSEMBLY_size/Img8866.jpg
14,20UPGM22101021,-20.900000000000002,-19.5,7.997796000000002,AsicFmarkBL,/nas/PreProduction/Module/20UPGM22601021/ASSEMBLY/Module_20UPGM22601021_ASSEMBLY_size/Img8867.jpg
15,20UPGM22101021,-20.900000000000002,20.8,8.000296000000002,AsicFmarkTL,/nas/PreProduction/Module/20UPGM22601021/ASSEMBLY/Module_20UPGM22601021_ASSEMBLY_size/Img8868.jpg
16,20UPGM22101021,-10.200000000000001,-18.2,10.110696000000004,HVCapacitor,/nas/PreProduction/Module/20UPGM22601021/ASSEMBLY/Module_20UPGM22601021_ASSEMBLY_size/Img8869.jpg
17,20UPGM22101021,-9.6,-18.2,10.109396,HVCapacitor,/nas/PreProduction/Module/20UPGM22601021/ASSEMBLY/Module_20UPGM22601021_ASSEMBLY_size/Img8870.jpg
18,20UPGM22101021,-9.200000000000001,-18.2,10.110396000000001,HVCapacitor,/nas/PreProduction/Module/20UPGM22601021/ASSEMBLY/Module_20UPGM22601021_ASSEMBLY_size/Img8871.jpg
19,20UPGM22101021,-8.6,-18.2,10.117896,HVCapacitor,/nas/PreProduction/Module/20UPGM22601021/ASSEMBLY/Module_20UPGM22601021_ASSEMBLY_size/Img8872.jpg
20,20UPGM22101021,-8.0,-18.2,10.172796000000002,HVCapacitor,/nas/PreProduction/Module/20UPGM22601021/ASSEMBLY/Module_20UPGM22601021_ASSEMBLY_size/Img8873.jpg
21,20UPGM22101021,-3.0,-15.5,9.733595999999999,Connector,/nas/PreProduction/Module/20UPGM22601021/ASSEMBLY/Module_20UPGM22601021_ASSEMBLY_size/Img8874.jpg
22,20UPGM22101021,-0.0,-15.5,9.753595999999998,Connector,/nas/PreProduction/Module/20UPGM22601021/ASSEMBLY/Module_20UPGM22601021_ASSEMBLY_size/Img8875.jpg
23,20UPGM22101021,3.0,-15.5,9.758095999999998,Connector,/nas/PreProduction/Module/20UPGM22601021/ASSEMBLY/Module_20UPGM22601021_ASSEMBLY_size/Img8876.jpg
24,20UPGM22101021,20.8,19.5,8.014196000000004,AsicR,/nas/PreProduction/Module/20UPGM22601021/ASSEMBLY/Module_20UPGM22601021_ASSEMBLY_size/Img8877.jpg
25,20UPGM22101021,20.8,5.1000000000000005,8.012896000000001,AsicR,/nas/PreProduction/Module/20UPGM22601021/ASSEMBLY/Module_20UPGM22601021_ASSEMBLY_size/Img8878.jpg
26,20UPGM22101021,20.8,-9.9,8.012896000000001,AsicR,/nas/PreProduction/Module/20UPGM22601021/ASSEMBLY/Module_20UPGM22601021_ASSEMBLY_size/Img8879.jpg
27,20UPGM22101021,20.8,-18.6,8.014196000000004,AsicR,/nas/PreProduction/Module/20UPGM22601021/ASSEMBLY/Module_20UPGM22601021_ASSEMBLY_size/Img8880.jpg
28,20UPGM22101021,18.0,-19.7,8.175196000000003,SensorB,/nas/PreProduction/Module/20UPGM22601021/ASSEMBLY/Module_20UPGM22601021_ASSEMBLY_size/Img8881.jpg
29,20UPGM22101021,11.1,-19.7,8.173896000000001,SensorB,/nas/PreProduction/Module/20UPGM22601021/ASSEMBLY/Module_20UPGM22601021_ASSEMBLY_size/Img8882.jpg
30,20UPGM22101021,-8.9,-19.7,8.167696000000003,SensorB,/nas/PreProduction/Module/20UPGM22601021/ASSEMBLY/Module_20UPGM22601021_ASSEMBLY_size/Img8883.jpg
31,20UPGM22101021,-18.3,-19.7,8.162696000000004,SensorB,/nas/PreProduction/Module/20UPGM22601021/ASSEMBLY/Module_20UPGM22601021_ASSEMBLY_size/Img8884.jpg
32,20UPGM22101021,-20.8,-18.7,7.999496,AsicL,/nas/PreProduction/Module/20UPGM22601021/ASSEMBLY/Module_20UPGM22601021_ASSEMBLY_size/Img8885.jpg
33,20UPGM22101021,-20.8,-10.0,8.000796000000003,AsicL,/nas/PreProduction/Module/20UPGM22601021/ASSEMBLY/Module_20UPGM22601021_ASSEMBLY_size/Img8886.jpg
34,20UPGM22101021,-20.8,10.0,7.999496,AsicL,/nas/PreProduction/Module/20UPGM22601021/ASSEMBLY/Module_20UPGM22601021_ASSEMBLY_size/Img8887.jpg
35,20UPGM22101021,-20.8,19.5,7.999995999999999,AsicL,/nas/PreProduction/Module/20UPGM22601021/ASSEMBLY/Module_20UPGM22601021_ASSEMBLY_size/Img8888.jpg
36,20UPGM22101021,-18.0,21.0,8.162196000000003,SensorT,/nas/PreProduction/Module/20UPGM22601021/ASSEMBLY/Module_20UPGM22601021_ASSEMBLY_size/Img8889.jpg
37,20UPGM22101021,-10.1,21.0,8.162196000000003,SensorT,/nas/PreProduction/Module/20UPGM22601021/ASSEMBLY/Module_20UPGM22601021_ASSEMBLY_size/Img8890.jpg
38,20UPGM22101021,10.0,21.0,8.171396000000001,SensorT,/nas/PreProduction/Module/20UPGM22601021/ASSEMBLY/Module_20UPGM22601021_ASSEMBLY_size/Img8891.jpg
39,20UPGM22101021,18.0,21.0,8.187396000000001,SensorT,/nas/PreProduction/Module/20UPGM22601021/ASSEMBLY/Module_20UPGM22601021_ASSEMBLY_size/Img8892.jpg
40,20UPGM22101021,-19.400000000000002,-18.400000000000002,8.408196000000004,FlexL,/nas/PreProduction/Module/20UPGM22601021/ASSEMBLY/Module_20UPGM22601021_ASSEMBLY_size/Img8893.jpg
41,20UPGM22101021,-19.400000000000002,-5.1000000000000005,8.416996,FlexL,/nas/PreProduction/Module/20UPGM22601021/ASSEMBLY/Module_20UPGM22601021_ASSEMBLY_size/Img8894.jpg
42,20UPGM22101021,-19.400000000000002,9.9,8.425696000000004,FlexL,/nas/PreProduction/Module/20UPGM22601021/ASSEMBLY/Module_20UPGM22601021_ASSEMBLY_size/Img8895.jpg
43,20UPGM22101021,-19.400000000000002,18.7,8.428196000000003,FlexL,/nas/PreProduction/Module/20UPGM22601021/ASSEMBLY/Module_20UPGM22601021_ASSEMBLY_size/Img8896.jpg
44,20UPGM22101021,-18.5,20.8,8.414496,FlexT,/nas/PreProduction/Module/20UPGM22601021/ASSEMBLY/Module_20UPGM22601021_ASSEMBLY_size/Img8897.jpg
45,20UPGM22101021,-10.5,20.8,8.430696000000003,FlexT,/nas/PreProduction/Module/20UPGM22601021/ASSEMBLY/Module_20UPGM22601021_ASSEMBLY_size/Img8898.jpg
46,20UPGM22101021,10.5,20.8,8.441896000000002,FlexT,/nas/PreProduction/Module/20UPGM22601021/ASSEMBLY/Module_20UPGM22601021_ASSEMBLY_size/Img8899.jpg
47,20UPGM22101021,18.5,20.8,8.430696000000003,FlexT,/nas/PreProduction/Module/20UPGM22601021/ASSEMBLY/Module_20UPGM22601021_ASSEMBLY_size/Img8900.jpg
48,20UPGM22101021,19.5,18.7,8.434496,FlexR,/nas/PreProduction/Module/20UPGM22601021/ASSEMBLY/Module_20UPGM22601021_ASSEMBLY_size/Img8901.jpg
49,20UPGM22101021,19.5,10.700000000000001,8.435696000000004,FlexR,/nas/PreProduction/Module/20UPGM22601021/ASSEMBLY/Module_20UPGM22601021_ASSEMBLY_size/Img8902.jpg
50,20UPGM22101021,19.5,-10.700000000000001,8.426995999999999,FlexR,/nas/PreProduction/Module/20UPGM22601021/ASSEMBLY/Module_20UPGM22601021_ASSEMBLY_size/Img8903.jpg
51,20UPGM22101021,19.5,-18.7,8.424496,FlexR,/nas/PreProduction/Module/20UPGM22601021/ASSEMBLY/Module_20UPGM22601021_ASSEMBLY_size/Img8904.jpg
52,20UPGM22101021,18.0,-19.44,8.176396,FlexB,/nas/PreProduction/Module/20UPGM22601021/ASSEMBLY/Module_20UPGM22601021_ASSEMBLY_size/Img8905.jpg
53,20UPGM22101021,10.0,-19.44,8.205095999999998,FlexB,/nas/PreProduction/Module/20UPGM22601021/ASSEMBLY/Module_20UPGM22601021_ASSEMBLY_size/Img8906.jpg
54,20UPGM22101021,-10.0,-19.44,8.424796000000002,FlexB,/nas/PreProduction/Module/20UPGM22601021/ASSEMBLY/Module_20UPGM22601021_ASSEMBLY_size/Img8907.jpg
55,20UPGM22101021,-18.0,-19.44,8.402296000000002,FlexB,/nas/PreProduction/Module/20UPGM22601021/ASSEMBLY/Module_20UPGM22601021_ASSEMBLY_size/Img8908.jpg
0,20UPGM22601021,22.0,20.2,7.851595999999998,Jig,/nas/PreProduction/Module/20UPGM22601021/ASSEMBLY/Module_20UPGM22601021_ASSEMBLY_size_1/Img8910.jpg
1,20UPGM22601021,22.0,-20.2,7.907796000000002,JJig,/nas/PreProduction/Module/20UPGM22601021/ASSEMBLY/Module_20UPGM22601021_ASSEMBLY_size_1/Img8911.jpg
2,20UPGM22601021,-22.0,-20.2,7.840296000000002,Jig,/nas/PreProduction/Module/20UPGM22601021/ASSEMBLY/Module_20UPGM22601021_ASSEMBLY_size_1/Img8912.jpg
3,20UPGM22601021,-22.0,20.2,7.840896000000001,Jig,/nas/PreProduction/Module/20UPGM22601021/ASSEMBLY/Module_20UPGM22601021_ASSEMBLY_size_1/Img8913.jpg
4,20UPGM22601021,-5.7,7.8,8.423696000000003,Pickup1,/nas/PreProduction/Module/20UPGM22601021/ASSEMBLY/Module_20UPGM22601021_ASSEMBLY_size_1/Img8914.jpg
5,20UPGM22601021,-10.4,-11.200000000000001,8.403996,Pickup2,/nas/PreProduction/Module/20UPGM22601021/ASSEMBLY/Module_20UPGM22601021_ASSEMBLY_size_1/Img8915.jpg
6,20UPGM22601021,9.9,-8.8,8.420896,Pickup3,/nas/PreProduction/Module/20UPGM22601021/ASSEMBLY/Module_20UPGM22601021_ASSEMBLY_size_1/Img8916.jpg
7,20UPGM22601021,10.0,9.700000000000001,8.428396000000001,Pickup4,/nas/PreProduction/Module/20UPGM22601021/ASSEMBLY/Module_20UPGM22601021_ASSEMBLY_size_1/Img8917.jpg
8,20UPGM22601021,18.900000000000002,19.900000000000002,8.434595999999997,FmarkTR,/nas/PreProduction/Module/20UPGM22601021/ASSEMBLY/Module_20UPGM22601021_ASSEMBLY_size_1/Img8918.jpg
9,20UPGM22601021,18.900000000000002,-18.7,8.417496,FmarkBR,/nas/PreProduction/Module/20UPGM22601021/ASSEMBLY/Module_20UPGM22601021_ASSEMBLY_size_1/Img8919.jpg
10,20UPGM22601021,-18.7,-18.7,8.394696000000003,FmarkBL,/nas/PreProduction/Module/20UPGM22601021/ASSEMBLY/Module_20UPGM22601021_ASSEMBLY_size_1/Img8920.jpg
11,20UPGM22601021,-18.7,19.900000000000002,8.414595999999998,FmarkTL,/nas/PreProduction/Module/20UPGM22601021/ASSEMBLY/Module_20UPGM22601021_ASSEMBLY_size_1/Img8921.jpg
12,20UPGM22601021,20.8,20.8,8.013995999999999,AsicFmarkTR,/nas/PreProduction/Module/20UPGM22601021/ASSEMBLY/Module_20UPGM22601021_ASSEMBLY_size_1/Img8922.jpg
13,20UPGM22601021,20.8,-19.400000000000002,8.013995999999999,AsicFmarkBR,/nas/PreProduction/Module/20UPGM22601021/ASSEMBLY/Module_20UPGM22601021_ASSEMBLY_size_1/Img8923.jpg
14,20UPGM22601021,-20.900000000000002,-19.5,7.997796000000002,AsicFmarkBL,/nas/PreProduction/Module/20UPGM22601021/ASSEMBLY/Module_20UPGM22601021_ASSEMBLY_size_1/Img8924.jpg
15,20UPGM22601021,-20.900000000000002,20.8,8.000296000000002,AsicFmarkTL,/nas/PreProduction/Module/20UPGM22601021/ASSEMBLY/Module_20UPGM22601021_ASSEMBLY_size_1/Img8925.jpg
16,20UPGM22601021,-10.200000000000001,-18.2,10.110496,HVCapacitor,/nas/PreProduction/Module/20UPGM22601021/ASSEMBLY/Module_20UPGM22601021_ASSEMBLY_size_1/Img8926.jpg
17,20UPGM22601021,-9.6,-18.2,10.110396000000001,HVCapacitor,/nas/PreProduction/Module/20UPGM22601021/ASSEMBLY/Module_20UPGM22601021_ASSEMBLY_size_1/Img8927.jpg
18,20UPGM22601021,-9.200000000000001,-18.2,10.110396000000001,HVCapacitor,/nas/PreProduction/Module/20UPGM22601021/ASSEMBLY/Module_20UPGM22601021_ASSEMBLY_size_1/Img8928.jpg
19,20UPGM22601021,-8.6,-18.2,10.116595999999998,HVCapacitor,/nas/PreProduction/Module/20UPGM22601021/ASSEMBLY/Module_20UPGM22601021_ASSEMBLY_size_1/Img8929.jpg
20,20UPGM22601021,-8.0,-18.2,10.172796000000002,HVCapacitor,/nas/PreProduction/Module/20UPGM22601021/ASSEMBLY/Module_20UPGM22601021_ASSEMBLY_size_1/Img8930.jpg
21,20UPGM22601021,-3.0,-15.5,9.734696000000003,Connector,/nas/PreProduction/Module/20UPGM22601021/ASSEMBLY/Module_20UPGM22601021_ASSEMBLY_size_1/Img8931.jpg
22,20UPGM22601021,-0.0,-15.5,9.753396,Connector,/nas/PreProduction/Module/20UPGM22601021/ASSEMBLY/Module_20UPGM22601021_ASSEMBLY_size_1/Img8932.jpg
23,20UPGM22601021,3.0,-15.5,9.758396000000001,Connector,/nas/PreProduction/Module/20UPGM22601021/ASSEMBLY/Module_20UPGM22601021_ASSEMBLY_size_1/Img8933.jpg
24,20UPGM22601021,20.8,19.5,8.015095999999998,AsicR,/nas/PreProduction/Module/20UPGM22601021/ASSEMBLY/Module_20UPGM22601021_ASSEMBLY_size_1/Img8934.jpg
25,20UPGM22601021,20.8,5.1000000000000005,8.012796000000002,AsicR,/nas/PreProduction/Module/20UPGM22601021/ASSEMBLY/Module_20UPGM22601021_ASSEMBLY_size_1/Img8935.jpg
26,20UPGM22601021,20.8,-9.9,8.013595999999998,AsicR,/nas/PreProduction/Module/20UPGM22601021/ASSEMBLY/Module_20UPGM22601021_ASSEMBLY_size_1/Img8936.jpg
27,20UPGM22601021,20.8,-18.6,8.013995999999999,AsicR,/nas/PreProduction/Module/20UPGM22601021/ASSEMBLY/Module_20UPGM22601021_ASSEMBLY_size_1/Img8937.jpg
28,20UPGM22601021,18.0,-19.7,8.174696000000004,SensorB,/nas/PreProduction/Module/20UPGM22601021/ASSEMBLY/Module_20UPGM22601021_ASSEMBLY_size_1/Img8938.jpg
29,20UPGM22601021,11.1,-19.7,8.173196000000004,SensorB,/nas/PreProduction/Module/20UPGM22601021/ASSEMBLY/Module_20UPGM22601021_ASSEMBLY_size_1/Img8939.jpg
30,20UPGM22601021,-8.9,-19.7,8.167095999999997,SensorB,/nas/PreProduction/Module/20UPGM22601021/ASSEMBLY/Module_20UPGM22601021_ASSEMBLY_size_1/Img8940.jpg
31,20UPGM22601021,-18.3,-19.7,8.163996,SensorB,/nas/PreProduction/Module/20UPGM22601021/ASSEMBLY/Module_20UPGM22601021_ASSEMBLY_size_1/Img8941.jpg
32,20UPGM22601021,-20.8,-18.7,7.999696000000004,AsicL,/nas/PreProduction/Module/20UPGM22601021/ASSEMBLY/Module_20UPGM22601021_ASSEMBLY_size_1/Img8942.jpg
33,20UPGM22601021,-20.8,-10.0,8.000496,AsicL,/nas/PreProduction/Module/20UPGM22601021/ASSEMBLY/Module_20UPGM22601021_ASSEMBLY_size_1/Img8943.jpg
34,20UPGM22601021,-20.8,10.0,7.999196000000004,AsicL,/nas/PreProduction/Module/20UPGM22601021/ASSEMBLY/Module_20UPGM22601021_ASSEMBLY_size_1/Img8944.jpg
35,20UPGM22601021,-20.8,19.5,8.000496,AsicL,/nas/PreProduction/Module/20UPGM22601021/ASSEMBLY/Module_20UPGM22601021_ASSEMBLY_size_1/Img8945.jpg
36,20UPGM22601021,-18.0,21.0,8.162696000000004,SensorT,/nas/PreProduction/Module/20UPGM22601021/ASSEMBLY/Module_20UPGM22601021_ASSEMBLY_size_1/Img8946.jpg
37,20UPGM22601021,-10.1,21.0,8.162095999999998,SensorT,/nas/PreProduction/Module/20UPGM22601021/ASSEMBLY/Module_20UPGM22601021_ASSEMBLY_size_1/Img8947.jpg
38,20UPGM22601021,10.0,21.0,8.172095999999998,SensorT,/nas/PreProduction/Module/20UPGM22601021/ASSEMBLY/Module_20UPGM22601021_ASSEMBLY_size_1/Img8948.jpg
39,20UPGM22601021,18.0,21.0,8.186896,SensorT,/nas/PreProduction/Module/20UPGM22601021/ASSEMBLY/Module_20UPGM22601021_ASSEMBLY_size_1/Img8949.jpg
40,20UPGM22601021,-19.400000000000002,-18.400000000000002,8.407796000000003,FlexL,/nas/PreProduction/Module/20UPGM22601021/ASSEMBLY/Module_20UPGM22601021_ASSEMBLY_size_1/Img8950.jpg
41,20UPGM22601021,-19.400000000000002,-5.1000000000000005,8.416696000000004,FlexL,/nas/PreProduction/Module/20UPGM22601021/ASSEMBLY/Module_20UPGM22601021_ASSEMBLY_size_1/Img8951.jpg
42,20UPGM22601021,-19.400000000000002,9.9,8.425095999999998,FlexL,/nas/PreProduction/Module/20UPGM22601021/ASSEMBLY/Module_20UPGM22601021_ASSEMBLY_size_1/Img8952.jpg
43,20UPGM22601021,-19.400000000000002,18.7,8.427595999999998,FlexL,/nas/PreProduction/Module/20UPGM22601021/ASSEMBLY/Module_20UPGM22601021_ASSEMBLY_size_1/Img8953.jpg
44,20UPGM22601021,-18.5,20.8,8.415095999999998,FlexT,/nas/PreProduction/Module/20UPGM22601021/ASSEMBLY/Module_20UPGM22601021_ASSEMBLY_size_1/Img8954.jpg
45,20UPGM22601021,-10.5,20.8,8.431296000000001,FlexT,/nas/PreProduction/Module/20UPGM22601021/ASSEMBLY/Module_20UPGM22601021_ASSEMBLY_size_1/Img8955.jpg
46,20UPGM22601021,10.5,20.8,8.441296000000003,FlexT,/nas/PreProduction/Module/20UPGM22601021/ASSEMBLY/Module_20UPGM22601021_ASSEMBLY_size_1/Img8956.jpg
47,20UPGM22601021,18.5,20.8,8.430095999999997,FlexT,/nas/PreProduction/Module/20UPGM22601021/ASSEMBLY/Module_20UPGM22601021_ASSEMBLY_size_1/Img8957.jpg
48,20UPGM22601021,19.5,18.7,8.433796000000003,FlexR,/nas/PreProduction/Module/20UPGM22601021/ASSEMBLY/Module_20UPGM22601021_ASSEMBLY_size_1/Img8958.jpg
49,20UPGM22601021,19.5,10.700000000000001,8.435095999999998,FlexR,/nas/PreProduction/Module/20UPGM22601021/ASSEMBLY/Module_20UPGM22601021_ASSEMBLY_size_1/Img8959.jpg
50,20UPGM22601021,19.5,-10.700000000000001,8.427595999999998,FlexR,/nas/PreProduction/Module/20UPGM22601021/ASSEMBLY/Module_20UPGM22601021_ASSEMBLY_size_1/Img8960.jpg
51,20UPGM22601021,19.5,-18.7,8.423796000000003,FlexR,/nas/PreProduction/Module/20UPGM22601021/ASSEMBLY/Module_20UPGM22601021_ASSEMBLY_size_1/Img8961.jpg
52,20UPGM22601021,18.0,-19.44,8.176595999999998,FlexB,/nas/PreProduction/Module/20UPGM22601021/ASSEMBLY/Module_20UPGM22601021_ASSEMBLY_size_1/Img8962.jpg
53,20UPGM22601021,10.0,-19.44,8.205296000000002,FlexB,/nas/PreProduction/Module/20UPGM22601021/ASSEMBLY/Module_20UPGM22601021_ASSEMBLY_size_1/Img8963.jpg
54,20UPGM22601021,-10.0,-19.44,8.424896,FlexB,/nas/PreProduction/Module/20UPGM22601021/ASSEMBLY/Module_20UPGM22601021_ASSEMBLY_size_1/Img8964.jpg
55,20UPGM22601021,-18.0,-19.44,8.402496,FlexB,/nas/PreProduction/Module/20UPGM22601021/ASSEMBLY/Module_20UPGM22601021_ASSEMBLY_size_1/Img8965.jpg
